cluster	cluster_name_long	cluster_name_short	cluster_color	category_name	category_color
0	Weak CRE/CTCF	Weak	#D9CCE3	Weak	#D9CCE3
1	CTCF (ESC, EpiLC)	CTCF	#DC050C	CTCF	#cc3412
2	CRE (ESC, EpiLC)	CRE	#1965B0	CRE	#33bcee
3	CTCF (d4c7PGCLC)	CTCF	#E65518	CTCF	#cc3412
4	CRE (d4c7PGCLC)	CRE	#5289C7	CRE	#33bcee
5	PRC_5	PRC	#4EB265	PRC	#4EB265
6	CRE (GSC)	CRE	#7BAFDE	CRE	#33bcee
7	CTCF (GSC)	CTCF	#EE8026	CTCF	#cc3412
8	CTCF (Active region)	CTCF	#F4A736	CTCF	#cc3412
9	CTCF (Repressed region)	CTCF	#F7CB45	CTCF	#cc3412
10	PRC_10	PRC	#90C987	PRC	#4EB265
11	K27ac_K9_Bivalent (ESC, EpiLC)	Other	#CAE0AB	Bivalent CRE	#CAE0AB
12	Cohesin-CRE	Other	#AE76A3	Cohesin CRE	#AA69FE
13	Other	Other	#777777	Other	#777777
14	Other	Other	#777777	Other	#777777
15	Other	Other	#777777	Other	#777777
